数据日期,DB_TIME,DB_TPS,DB_QPS
2016/12/1,0.92,29.11,245.75
2016/12/2,1.36,25.98,228.0
2016/12/3,0.21,10.15,83.04
2016/12/4,0.19,9.38,77.02
2016/12/5,0.87,29.25,239.0
2016/12/6,1.44,25.38,228.13
2016/12/7,3.87,26.27,231.06
2016/12/8,1.85,21.45,201.31
2016/12/9,3.88,27.54,243.38
2016/12/10,1.26,11.08,89.73
2016/12/11,0.23,9.75,79.27
2016/12/12,4.98,30.22,251.66
2016/12/13,3.56,33.51,291.28
2016/12/14,0.83,28.46,251.94
2016/12/15,0.82,26.58,252.44
2016/12/16,0.92,31.66,272.44
2016/12/17,0.23,9.97,81.42
2016/12/18,0.19,8.65,71.08
2016/12/19,1.64,26.31,231.74
2016/12/20,1.24,32.87,302.27
2016/12/21,0.52,39.57,234.04
2016/12/22,0.94,28.93,258.04
2016/12/23,1.18,26.04,233.87
2016/12/24,0.22,10.9,89.16
2016/12/25,0.2,9.91,80.62
2016/12/26,1.17,40.45,330.42
2016/12/27,1.11,25.48,235.14
2016/12/28,1.05,25.07,229.22
2016/12/29,1.21,20.87,191.8
2016/12/30,1.02,31.31,288.94
2016/12/31,0.52,40.97,315.52
2017/1/1,0.23,9.56,77.81
2017/1/2,0.2,11.42,92.02
2017/1/3,1.3,37.34,303.45
2017/1/4,1.2,28.05,254.15
2017/1/5,0.96,26.74,240.18
2017/1/6,1.12,37.58,326.14
2017/1/7,0.29,12.71,103.91
2017/1/8,0.22,10.0,81.71
2017/1/9,1.06,29.51,279.44
2017/1/10,0.97,33.69,309.02
2017/1/11,1.07,40.36,355.18
2017/1/12,0.86,24.84,232.09
2017/1/13,1.0,23.75,220.06
2017/1/14,0.22,10.78,88.55
2017/1/15,0.22,9.76,80.6
2017/1/16,1.03,34.81,314.31
2017/1/17,1.02,33.13,289.32
2017/1/18,0.6,46.24,359.66
2017/1/19,0.98,28.98,260.31
2017/1/20,0.65,52.31,404.81
2017/1/21,0.32,16.55,132.86
2017/1/22,0.46,21.38,169.99
2017/1/23,1.26,37.1,317.73
2017/1/24,1.03,35.98,317.26
2017/1/25,5.3,43.1,348.45
2017/1/26,2.28,42.65,373.76
2017/1/27,0.16,7.84,67.24
2017/1/28,0.11,4.06,38.27
2017/1/29,0.13,3.63,35.29
2017/1/30,0.11,4.21,38.81
2017/1/31,0.12,5.14,45.73
2017/2/1,0.17,6.7,57.96
2017/2/2,0.18,9.56,79.58
2017/2/3,1.52,33.83,280.86
2017/2/4,0.73,23.96,191.17
2017/2/5,0.26,13.11,104.5
2017/2/6,1.23,35.16,290.93
2017/2/7,2.4,38.74,336.17
2017/2/8,1.0,30.79,279.32
2017/2/9,1.09,35.61,310.83
2017/2/10,1.02,33.7,276.23
2017/2/11,0.34,19.7,156.77
2017/2/12,0.4,15.32,122.22
2017/2/13,1.17,41.86,337.13
2017/2/14,1.22,38.15,326.17
2017/2/15,1.08,35.97,301.59
2017/2/16,0.53,39.92,316.02
2017/2/17,0.9,37.07,297.49
2017/2/18,0.6,12.89,104.6
2017/2/19,0.3,11.17,89.39
2017/2/20,0.94,30.86,261.74
2017/2/21,0.51,37.04,290.36
2017/2/22,0.96,29.15,261.38
2017/2/23,0.94,27.54,254.28
2017/2/24,0.97,30.78,274.98
2017/2/25,0.33,11.89,97.14
2017/2/26,0.3,9.93,80.77
2017/2/27,1.09,28.46,245.55
2017/2/28,1.24,30.22,277.59
2017/3/1,1.33,38.16,332.64
2017/3/2,1.14,30.19,273.52
2017/3/3,1.06,34.55,283.6
2017/3/4,0.33,12.01,98.1
2017/3/5,0.31,10.2,82.89
2017/3/6,1.12,29.09,251.43
2017/3/7,1.11,31.5,283.49
2017/3/8,0.54,38.47,300.09
2017/3/9,0.91,24.61,227.08
2017/3/10,0.91,29.41,263.68
2017/3/11,0.35,15.71,126.52
2017/3/12,0.31,12.24,98.06
2017/3/13,1.14,32.94,273.85
2017/3/14,1.09,25.22,229.45
2017/3/15,0.58,41.83,326.05
2017/3/16,0.6,42.06,329.82
2017/3/17,0.87,28.4,239.96
2017/3/18,0.33,12.94,104.35
2017/3/19,0.31,11.11,88.6
2017/3/20,1.17,32.7,273.44
2017/3/21,1.21,32.2,286.3
2017/3/22,1.08,26.73,238.56
2017/3/23,0.97,26.52,247.32
2017/3/24,0.92,27.23,245.72
2017/3/25,0.31,10.43,85.97
2017/3/26,0.27,8.62,71.32
2017/3/27,1.16,25.48,240.47
2017/3/28,1.63,28.1,253.57
2017/3/29,0.99,23.75,219.67
2017/3/30,1.06,23.01,217.27
2017/3/31,1.12,27.97,249.43
2017/4/1,0.9,29.4,242.6
2017/4/2,0.3,9.5,78.63
2017/4/3,0.27,8.96,74.92
2017/4/4,0.31,10.74,88.63
2017/4/5,1.45,41.99,344.97
2017/4/6,1.09,32.65,298.04
2017/4/7,1.08,31.47,268.37
2017/4/8,0.35,11.92,98.66
2017/4/9,0.33,10.55,86.86
2017/4/10,1.79,33.04,283.72
2017/4/11,1.19,32.08,288.36
2017/4/12,1.02,27.86,248.93
2017/4/13,1.12,31.74,272.35
2017/4/14,1.04,28.86,259.21
2017/4/15,0.36,13.79,115.38
2017/4/16,0.51,32.39,264.75
2017/4/17,1.35,34.58,303.86
2017/4/18,1.19,35.25,318.53
2017/4/19,1.17,30.71,274.59
2017/4/20,1.24,34.26,291.99
2017/4/21,1.12,34.87,307.18
2017/4/22,0.36,13.32,109.83
2017/4/23,0.34,11.91,98.22
2017/4/24,1.5,30.97,289.6
2017/4/25,1.49,36.11,300.76
2017/4/26,1.27,30.24,273.96
2017/4/27,1.3,30.17,276.3
2017/4/28,1.19,31.39,264.87
2017/4/29,0.45,21.92,177.55
2017/4/30,0.35,12.75,103.58
2017/5/1,0.35,13.29,106.68
2017/5/2,2.09,46.61,379.24
2017/5/3,1.21,32.46,291.89
2017/5/4,1.19,31.09,273.44
2017/5/5,1.18,41.22,305.97
2017/5/6,0.36,11.76,96.52
2017/5/7,0.32,11.26,91.74
2017/5/8,1.22,29.73,268.43
2017/5/9,1.05,27.01,246.21
2017/5/10,1.1,33.23,269.73
2017/5/11,1.16,26.51,238.54
2017/5/12,1.0,29.55,248.16
2017/5/13,0.36,13.11,108.23
2017/5/14,0.33,11.58,95.2
2017/5/15,1.43,53.48,354.69
2017/5/16,1.28,34.43,300.68
2017/5/17,1.1,31.38,285.72
2017/5/18,1.05,28.5,257.58
2017/5/19,1.21,43.3,293.71
2017/5/20,0.37,13.27,108.45
2017/5/21,0.34,11.59,94.94
2017/5/22,1.29,30.17,268.61
2017/5/23,1.24,35.67,309.9
2017/5/24,1.21,30.09,269.57
2017/5/25,1.39,64.31,370.42
2017/5/26,1.1,30.49,269.63
2017/5/27,0.63,21.27,174.37
2017/5/28,0.31,9.68,79.48
2017/5/29,0.28,8.94,73.44
2017/5/30,0.28,8.93,73.59
2017/5/31,1.61,42.26,332.4
2017/6/1,0.54,36.16,287.05
2017/6/2,1.32,38.44,308.29
2017/6/3,0.41,14.79,118.4
2017/6/4,0.37,13.15,105.2
2017/6/5,1.37,33.71,287.39
2017/6/6,0.61,37.32,293.85
2017/6/7,1.24,31.82,274.65
2017/6/8,0.61,35.12,277.59
2017/6/9,1.5,58.85,355.93
2017/6/10,0.39,12.98,104.97
2017/6/11,0.34,11.24,91.51
2017/6/12,7.09,329.6,1162.98
2017/6/13,1.71,100.28,464.58
2017/6/14,1.09,31.1,269.31
2017/6/15,1.11,32.37,276.43
2017/6/16,1.08,29.59,256.48
2017/6/17,0.36,12.83,105.45
2017/6/18,0.5,30.89,253.63
2017/6/19,0.6,38.67,303.82
2017/6/20,0.6,38.7,303.77
2017/6/21,0.57,35.81,282.35
2017/6/22,1.19,30.32,274.21
2017/6/23,1.07,28.96,256.26
2017/6/24,0.54,30.83,248.81
2017/6/25,0.33,11.54,95.93
2017/6/26,1.42,33.75,300.9
2017/6/27,0.57,36.81,287.59
2017/6/28,0.58,35.1,276.05
2017/6/29,1.4,26.72,254.7
2017/6/30,0.57,37.97,295.52
2017/7/1,0.69,31.99,255.41
2017/7/2,0.61,20.89,167.93
2017/7/3,2.03,72.27,489.6
2017/7/4,1.4,38.29,320.37
2017/7/5,1.31,33.96,288.43
2017/7/6,1.12,31.59,281.21
2017/7/7,1.79,84.98,463.64
2017/7/8,0.41,15.32,124.39
2017/7/9,0.35,12.23,99.72
2017/7/10,1.35,37.07,312.85
2017/7/11,1.15,29.82,268.06
2017/7/12,1.21,27.49,248.19
2017/7/13,1.29,34.22,295.15
2017/7/14,1.28,40.24,323.54
2017/7/15,0.38,14.62,118.78
2017/7/16,0.4,12.15,99.11
2017/7/17,1.33,32.62,288.13
2017/7/18,1.14,30.52,271.11
2017/7/19,1.3,30.42,269.68
2017/7/20,1.38,40.28,356.07
2017/7/21,1.32,32.71,289.29
2017/7/22,0.42,13.63,110.94
2017/7/23,0.38,12.35,100.81
2017/7/24,1.55,32.64,306.12
2017/7/25,1.51,39.68,332.26
2017/7/26,1.38,29.62,276.79
2017/7/27,1.31,31.04,285.14
2017/7/28,1.61,53.81,334.73
2017/7/29,0.45,29.41,239.68
2017/7/30,0.37,11.67,95.38
2017/7/31,1.45,35.36,356.57
2017/8/1,2.01,59.41,507.28
2017/8/2,1.58,36.29,318.77
2017/8/3,2.2,32.79,303.91
2017/8/4,1.46,40.51,345.69
2017/8/5,0.43,15.0,121.92
2017/8/6,0.37,13.13,107.56
2017/8/7,1.69,37.2,347.68
2017/8/8,1.42,33.86,305.15
2017/8/9,1.28,31.72,287.38
2017/8/10,1.53,41.6,362.71
2017/8/11,1.5,35.64,316.5
2017/8/12,0.46,14.99,122.03
2017/8/13,0.4,13.41,110.94
2017/8/14,2.22,90.94,509.07
2017/8/15,1.84,65.72,508.24
2017/8/16,1.44,38.5,335.92
2017/8/17,1.46,41.02,353.81
2017/8/18,1.42,36.86,320.62
2017/8/19,0.44,16.05,128.08
2017/8/20,0.42,15.16,121.12
2017/8/21,1.97,62.14,508.6
2017/8/22,1.53,43.71,363.83
2017/8/23,1.67,37.43,339.74
2017/8/24,1.6,35.75,313.31
2017/8/25,1.67,42.7,374.39
2017/8/26,0.48,15.73,128.6
2017/8/27,0.0,0.0,0.0
2017/8/28,2.03,77.04,431.0
2017/8/29,1.47,33.98,303.88
2017/8/30,1.4,30.21,277.45
2017/8/31,1.58,31.48,305.8
2017/9/1,2.25,65.09,514.56
2017/9/2,0.6,20.63,168.24
2017/9/3,0.46,16.11,132.59
2017/9/4,1.94,40.17,371.3
2017/9/5,1.69,45.29,399.86
2017/9/6,1.5,31.53,288.55
2017/9/7,1.41,31.01,290.63
2017/9/8,1.73,36.3,318.68
2017/9/9,0.46,15.32,126.34
2017/9/10,0.41,14.23,116.0
2017/9/11,2.34,102.41,543.2
2017/9/12,1.29,31.27,280.85
2017/9/13,1.32,31.79,300.93
2017/9/14,0.56,35.99,299.22
2017/9/15,0.59,39.68,313.91
2017/9/16,0.41,13.46,113.08
2017/9/17,0.37,12.31,103.43
2017/9/18,1.48,32.17,307.73
2017/9/19,1.34,34.08,319.26
2017/9/20,1.36,37.57,342.66
2017/9/21,0.62,34.53,284.87
2017/9/22,1.3,27.86,236.56
2017/9/23,0.41,13.08,110.13
2017/9/24,0.38,12.11,103.01
2017/9/25,1.47,36.39,298.56
2017/9/26,1.37,31.53,270.99
2017/9/27,1.85,78.68,430.74
2017/9/28,1.31,32.11,275.4
2017/9/29,1.53,37.19,327.75
2017/9/30,1.21,44.31,356.83
2017/10/1,0.36,13.24,107.59
2017/10/2,0.49,25.42,215.21
2017/10/3,0.28,8.56,72.32
2017/10/4,0.29,8.78,73.82
2017/10/5,0.32,10.05,83.56
2017/10/6,0.35,11.5,95.03
2017/10/7,0.48,13.02,107.47
2017/10/8,0.52,17.53,143.39
2017/10/9,3.57,66.43,526.34
2017/10/10,1.71,54.67,456.1
2017/10/11,1.53,41.27,350.87
2017/10/12,1.29,35.05,296.11
2017/10/13,1.54,37.61,324.73
2017/10/14,0.47,17.96,149.62
2017/10/15,0.43,14.81,122.87
2017/10/16,1.71,48.32,411.0
2017/10/17,1.32,35.28,309.98
2017/10/18,1.25,35.12,298.48
2017/10/19,1.26,32.23,275.26
2017/10/20,1.41,43.05,357.75
2017/10/21,0.51,15.99,135.51
2017/10/22,0.38,12.95,109.62
2017/10/23,1.48,36.27,325.16
2017/10/24,1.33,33.34,287.74
2017/10/25,1.47,42.7,363.46
2017/10/26,1.19,31.06,276.3
2017/10/27,1.4,34.51,300.37
2017/10/28,0.42,15.36,127.71
2017/10/29,0.38,12.6,106.34
2017/10/30,1.43,34.82,312.64
2017/10/31,1.39,36.85,326.98
2017/11/1,2.27,66.1,544.28
2017/11/2,1.47,35.14,301.79
2017/11/3,1.41,35.27,285.66
2017/11/4,0.44,16.1,134.98
2017/11/5,0.4,14.15,117.95
2017/11/6,1.53,44.33,383.71
2017/11/7,1.37,34.93,305.69
2017/11/8,1.5,45.71,407.91
2017/11/9,1.2,30.89,274.65
2017/11/10,1.43,41.1,325.4
2017/11/11,0.4,14.61,125.85
2017/11/12,0.38,13.03,112.15
2017/11/13,1.45,35.12,325.27
2017/11/14,1.23,33.29,293.93
2017/11/15,1.54,41.31,360.27
2017/11/16,1.17,32.44,284.54
2017/11/17,1.35,34.94,306.68
2017/11/18,0.42,16.0,136.36
2017/11/19,0.39,13.82,116.73
2017/11/20,1.65,42.29,378.7
2017/11/21,1.23,37.68,324.48
2017/11/22,0.79,38.66,303.06
2017/11/23,1.21,33.85,304.28
2017/11/24,1.32,39.4,335.99
2017/11/25,0.39,13.8,117.87
2017/11/26,0.34,12.19,104.33
2017/11/27,1.4,35.97,326.94
2017/11/28,1.19,31.34,272.22
2017/11/29,1.31,28.56,253.16
2017/11/30,1.24,31.54,312.35
2017/12/1,1.97,58.9,490.64
2017/12/2,0.48,17.88,150.6
2017/12/3,0.43,14.65,124.56
2017/12/4,1.48,38.76,344.06
2017/12/5,1.55,40.6,356.61
2017/12/6,1.18,31.52,274.39
2017/12/7,1.22,31.83,292.96
2017/12/8,1.35,34.72,292.01
2017/12/9,0.43,15.85,135.92
2017/12/10,0.41,14.67,124.51
2017/12/11,1.48,40.78,366.92
2017/12/12,1.23,31.31,270.6
2017/12/13,1.31,31.49,283.71
2017/12/14,1.18,32.04,275.33
2017/12/15,1.37,35.93,312.95
2017/12/16,0.44,16.98,142.72
2017/12/17,0.38,13.74,116.39
2017/12/18,1.64,37.38,338.33
2017/12/19,1.51,36.44,311.67
2017/12/20,1.45,41.63,362.99
2017/12/21,1.32,41.04,343.4
2017/12/22,1.57,42.24,355.56
2017/12/23,0.57,22.89,188.01
2017/12/24,0.5,20.71,170.44
2017/12/25,1.91,52.89,462.37
2017/12/26,1.87,45.42,387.09
2017/12/27,1.97,51.04,442.05
2017/12/28,1.73,47.34,407.62
2017/12/29,1.84,48.96,441.27
2017/12/30,0.82,39.58,314.67
2017/12/31,0.74,25.74,205.08
2018/1/1,0.53,22.2,175.79
2018/1/2,2.24,69.89,542.57
2018/1/3,1.9,58.43,491.0
2018/1/4,1.61,46.07,385.98
2018/1/5,1.71,55.95,469.23
2018/1/6,0.57,23.38,191.04
2018/1/7,0.53,28.98,254.82
2018/1/8,1.75,46.86,414.54
2018/1/9,1.74,48.41,394.18
2018/1/10,1.74,55.04,462.38
2018/1/11,1.51,43.54,370.18
2018/1/12,1.52,38.22,331.94
2018/1/13,0.51,18.73,157.77
2018/1/14,0.47,16.39,139.14
2018/1/15,1.84,49.78,448.59
2018/1/16,1.5,47.66,408.29
2018/1/17,1.52,38.54,343.94
2018/1/18,1.5,38.55,322.19
2018/1/19,1.7,45.76,392.16
2018/1/20,0.81,35.7,305.07
2018/1/21,0.45,17.2,145.55
2018/1/22,1.54,40.05,363.61
2018/1/23,2.05,73.72,651.22
2018/1/24,1.48,43.02,375.77
2018/1/25,1.58,45.19,368.34
2018/1/26,1.44,35.0,307.36
2018/1/27,0.48,18.08,154.47
2018/1/28,0.43,15.61,133.58
2018/1/29,1.7,40.5,377.77
2018/1/30,0.95,42.46,346.06
2018/1/31,1.95,39.88,360.4
2018/2/1,2.04,65.82,554.66
2018/2/2,0.97,43.29,354.36
2018/2/3,0.51,21.19,179.52
2018/2/4,0.48,18.3,154.81
2018/2/5,0.97,44.85,364.45
2018/2/6,1.43,46.76,393.7
2018/2/7,1.72,48.49,428.99
2018/2/8,1.51,48.63,408.42
2018/2/9,1.67,58.3,487.38
2018/2/10,0.61,26.47,216.94
2018/2/11,1.08,33.03,273.0
2018/2/12,2.0,57.13,504.82
2018/2/13,2.04,68.81,590.74
2018/2/14,1.63,64.9,513.52
2018/2/15,0.4,16.75,142.35
2018/2/16,0.27,9.34,80.7
2018/2/17,0.26,8.45,74.75
2018/2/18,0.29,9.49,83.51
2018/2/19,0.31,11.07,95.65
2018/2/20,0.38,14.13,120.53
2018/2/21,0.5,21.42,179.8
2018/2/22,2.15,68.63,561.86
2018/2/23,1.84,64.89,553.94
2018/2/24,1.11,37.62,317.12
2018/2/25,0.54,23.66,197.97
2018/2/26,2.21,60.96,499.98
2018/2/27,1.58,52.7,459.67
2018/2/28,1.72,53.57,453.12
2018/3/1,2.31,76.51,648.42
2018/3/2,1.81,50.07,423.48
2018/3/3,0.57,24.35,204.4
2018/3/4,0.72,29.51,260.45
2018/3/5,1.9,58.65,486.76
2018/3/6,1.73,55.06,468.39
2018/3/7,1.59,43.58,383.75
2018/3/8,1.52,41.41,360.9
2018/3/9,0.96,40.96,333.09
2018/3/10,0.61,23.14,194.46
2018/3/11,0.46,18.35,155.0
2018/3/12,1.71,47.76,434.84
2018/3/13,1.59,49.24,437.36
2018/3/14,1.5,44.79,389.33
2018/3/15,1.68,54.55,473.36
2018/3/16,1.41,41.19,356.17
2018/3/17,0.52,18.22,156.69
2018/3/18,0.44,16.26,139.94
2018/3/19,2.38,47.73,410.74
2018/3/20,2.39,58.25,507.71
2018/3/21,2.7,44.13,377.51
2018/3/22,1.4,37.27,329.59
2018/3/23,0.97,40.32,324.88
2018/3/24,0.49,18.36,158.34
2018/3/25,0.42,15.92,136.53
2018/3/26,1.8,42.45,386.77
2018/3/27,1.76,47.87,426.5
2018/3/28,1.58,37.78,329.54
2018/3/29,1.73,39.38,356.43
2018/3/30,1.79,46.95,422.02
2018/3/31,0.67,30.75,255.94
2018/4/1,0.54,22.55,186.98
2018/4/2,2.15,63.33,512.49
2018/4/3,0.73,39.13,284.11
2018/4/4,1.79,43.87,376.36
2018/4/5,0.41,13.25,116.53
2018/4/6,0.37,12.65,110.09
2018/4/7,0.4,13.42,117.02
2018/4/8,0.98,30.36,270.8
2018/4/9,2.05,46.3,420.06
2018/4/10,1.79,56.84,491.69
2018/4/11,1.48,42.11,375.59
2018/4/12,1.47,37.42,331.33
2018/4/13,1.45,41.22,364.56
2018/4/14,0.47,18.4,159.51
2018/4/15,0.46,16.65,143.42
2018/4/16,2.07,48.22,439.25
2018/4/17,1.66,46.88,424.49
2018/4/18,1.74,42.16,380.29
2018/4/19,1.64,42.92,383.6
2018/4/20,1.61,44.4,380.29
2018/4/21,0.55,28.11,213.77
2018/4/22,0.44,15.21,132.41
2018/4/23,1.93,43.34,403.49
2018/4/24,1.66,46.26,405.23
2018/4/25,1.62,44.02,390.52
2018/4/26,1.62,38.91,340.37
2018/4/27,1.83,50.71,432.26
2018/4/28,1.13,38.41,323.55
2018/4/29,0.41,15.3,130.74
2018/4/30,0.46,14.13,120.55
2018/5/1,0.43,16.23,136.3
2018/5/2,2.32,61.11,496.53
2018/5/3,1.85,50.11,436.93
2018/5/4,0.85,36.75,272.74
2018/5/5,0.49,19.4,166.49
2018/5/6,0.46,17.97,153.6
2018/5/7,2.09,53.76,449.47
2018/5/8,1.5,44.5,387.28
2018/5/9,1.58,37.63,322.13
2018/5/10,1.65,45.1,394.99
2018/5/11,1.87,41.86,376.52
2018/5/12,0.63,18.04,161.79
2018/5/13,0.48,15.5,139.94
2018/5/14,1.9,43.28,405.25
2018/5/15,1.9,49.13,437.45
2018/5/16,1.8,38.27,355.99
2018/5/17,1.73,41.04,376.65
2018/5/18,1.69,40.93,362.49
2018/5/19,0.54,17.56,157.07
2018/5/20,0.51,17.45,154.41
2018/5/21,2.13,49.96,464.84
2018/5/22,1.82,48.35,431.7
2018/5/23,1.8,46.85,434.42
2018/5/24,1.74,52.08,469.83
2018/5/25,2.12,65.97,562.37
2018/5/26,0.66,21.85,189.01
2018/5/27,0.55,18.04,159.03
2018/5/28,2.22,49.45,439.4
2018/5/29,2.04,48.13,428.92
2018/5/30,1.59,38.88,353.5
2018/5/31,1.75,40.49,389.0
2018/6/1,2.54,71.88,601.05
2018/6/2,0.7,23.99,209.03
2018/6/3,0.57,19.58,172.28
2018/6/4,2.12,48.06,446.01
2018/6/5,0.72,33.66,252.0
2018/6/6,1.86,45.76,410.72
2018/6/7,1.78,41.18,382.39
2018/6/8,1.6,40.71,361.65
2018/6/9,0.59,26.75,204.16
2018/6/10,0.54,17.58,159.35
2018/6/11,2.1,50.16,467.23
2018/6/12,1.82,44.44,406.87
2018/6/13,1.81,42.64,396.86
2018/6/14,1.7,39.87,365.36
2018/6/15,2.12,52.6,463.85
2018/6/16,0.65,18.28,163.55
2018/6/17,0.47,14.77,132.12
2018/6/18,0.49,15.4,139.51
2018/6/19,2.47,50.78,467.42
2018/6/20,2.11,55.26,500.92
2018/6/21,1.83,45.06,407.69
2018/6/22,1.89,39.88,357.43
2018/6/23,0.58,18.42,165.01
2018/6/24,0.55,17.05,151.31
2018/6/25,2.3,49.86,432.18
2018/6/26,1.93,44.88,409.69
2018/6/27,1.89,41.07,385.33
2018/6/28,2.12,44.07,419.03
2018/6/29,1.9,43.72,413.65
2018/6/30,0.72,28.83,254.62
2018/7/1,0.59,22.37,195.82
2018/7/2,0.67,34.87,271.25
2018/7/3,1.91,49.35,447.97
2018/7/4,1.61,40.24,361.38
2018/7/5,1.7,44.77,397.54
2018/7/6,0.65,32.67,254.6
2018/7/7,0.5,17.47,154.83
2018/7/8,0.45,15.7,140.29
2018/7/9,1.82,42.93,404.08
2018/7/10,1.84,56.02,483.98
2018/7/11,1.59,40.29,356.32
2018/7/12,0.63,32.36,252.52
2018/7/13,2.18,68.69,450.25
2018/7/14,0.56,20.2,177.11
2018/7/15,0.52,18.86,164.4
2018/7/16,4.09,53.24,481.82
2018/7/17,1.8,47.98,430.86
2018/7/18,1.62,40.55,360.09
2018/7/19,1.74,37.9,342.06
2018/7/20,0.61,33.97,265.25
2018/7/21,0.63,20.23,177.1
2018/7/22,0.46,23.67,191.35
2018/7/23,1.95,46.21,423.44
2018/7/24,0.57,31.28,245.41
2018/7/25,2.01,50.04,440.02
2018/7/26,1.76,41.82,376.43
2018/7/27,1.89,44.41,397.23
2018/7/28,0.53,19.29,169.1
2018/7/29,0.52,17.26,151.26
2018/7/30,1.85,45.12,391.97
2018/7/31,2.05,47.99,426.63
2018/8/1,2.44,75.17,620.12
2018/8/2,1.81,47.33,407.83
2018/8/3,1.81,49.42,426.22
2018/8/4,0.63,21.9,189.72
2018/8/5,0.52,20.0,172.82
2018/8/6,2.22,61.0,540.56
2018/8/7,1.75,49.81,447.25
2018/8/8,1.63,46.36,410.58
2018/8/9,1.73,44.03,396.95
2018/8/10,2.19,62.72,543.98
2018/8/11,0.6,22.8,199.62
2018/8/12,0.52,20.22,175.53
2018/8/13,2.01,54.11,494.65
2018/8/14,2.06,51.84,469.25
2018/8/15,2.14,70.16,598.85
2018/8/16,1.81,48.99,436.0
2018/8/17,1.85,46.65,415.17
2018/8/18,0.57,21.84,192.37
2018/8/19,0.55,19.45,170.87
2018/8/20,2.15,68.28,586.56
2018/8/21,1.85,55.3,481.9
2018/8/22,1.86,46.93,416.47
2018/8/23,1.95,45.77,415.5
2018/8/24,2.35,67.12,581.03
2018/8/25,0.47,25.82,208.75
2018/8/26,0.55,18.25,162.87
2018/8/27,2.18,51.12,466.86
2018/8/28,2.32,76.74,647.05
2018/8/29,1.76,42.41,382.14
2018/8/30,1.62,40.61,376.95
2018/8/31,1.87,48.64,432.68
2018/9/1,0.77,32.49,277.07
2018/9/2,0.72,26.96,229.72
2018/9/3,2.91,97.64,782.41
2018/9/4,1.97,58.31,516.88
2018/9/5,2.1,63.75,546.62
2018/9/6,1.93,62.6,547.18
2018/9/7,1.8,47.79,434.8
2018/9/8,0.59,21.32,191.13
2018/9/9,0.53,20.01,180.37
2018/9/10,2.04,66.26,563.2
2018/9/11,1.74,53.57,479.24
2018/9/12,2.13,83.53,635.52
2018/9/13,1.67,48.18,441.7
2018/9/14,2.31,60.37,531.35
2018/9/15,0.54,27.75,225.23
2018/9/16,0.49,16.96,153.98
2018/9/17,1.94,48.46,455.53
2018/9/18,1.61,50.72,443.32
2018/9/19,1.42,55.28,480.06
2018/9/20,1.59,54.31,484.63
2018/9/21,1.46,45.54,412.27
2018/9/22,0.37,17.67,164.3
2018/9/23,0.33,14.69,137.1
2018/9/24,0.33,13.96,131.08
2018/9/25,0.7,34.25,260.87
2018/9/26,1.61,57.15,528.62
2018/9/27,2.12,61.83,560.54
2018/9/28,2.02,94.01,631.52
2018/9/29,1.29,44.51,399.82
2018/9/30,0.69,31.98,288.2
2018/10/1,0.31,13.72,126.13
2018/10/2,0.29,11.81,108.05
2018/10/3,0.28,11.64,107.46
2018/10/4,0.34,12.7,115.28
2018/10/5,0.34,13.67,125.55
2018/10/6,0.36,15.29,140.33
2018/10/7,0.49,20.73,187.03
2018/10/8,0.68,35.87,274.99
2018/10/9,1.81,82.34,733.63
2018/10/10,2.17,82.23,726.61
2018/10/11,1.39,61.9,560.55
2018/10/12,1.57,54.84,512.05
2018/10/13,0.44,23.31,213.79
2018/10/14,0.43,20.1,187.43
2018/10/15,1.88,71.85,664.67
2018/10/16,1.49,57.42,526.89
2018/10/17,1.51,63.55,578.26
2018/10/18,1.59,53.54,498.12
2018/10/19,1.65,67.93,597.61
2018/10/20,0.46,22.37,206.99
2018/10/21,0.39,19.74,182.4
2018/10/22,1.85,59.93,573.75
2018/10/23,1.93,106.7,712.45
2018/10/24,1.64,70.6,611.55
2018/10/25,1.81,66.4,602.94
2018/10/26,1.67,51.23,471.13
2018/10/27,0.44,21.34,196.44
2018/10/28,0.4,18.97,175.51
2018/10/29,1.65,53.83,512.44
2018/10/30,1.69,56.09,511.66
2018/10/31,1.5,54.78,519.6
2018/11/1,1.9,74.69,674.19
2018/11/2,1.9,58.75,527.28
2018/11/3,0.45,25.0,226.81
2018/11/4,0.52,24.37,219.54
2018/11/5,1.92,69.78,636.46
2018/11/6,1.44,57.07,520.09
2018/11/7,1.56,55.97,519.18
2018/11/8,1.37,47.14,447.84
2018/11/9,1.47,54.89,502.48
2018/11/10,0.47,24.13,219.98
2018/11/11,0.54,19.93,182.84
2018/11/12,0.56,31.9,252.38
2018/11/13,1.53,56.61,527.3
2018/11/14,1.48,53.82,494.67
2018/11/15,1.55,58.72,536.0
2018/11/16,1.48,50.82,468.02
2018/11/17,0.46,23.6,215.65
2018/11/18,0.44,20.81,190.58
2018/11/19,1.65,58.17,531.21
2018/11/20,1.69,67.36,614.74
2018/11/21,1.57,57.5,525.76
2018/11/22,1.29,48.89,458.1
2018/11/23,0.54,30.34,231.71
2018/11/24,0.47,22.43,206.2
2018/11/25,0.56,20.68,191.24
2018/11/26,1.7,63.83,569.46
2018/11/27,1.67,57.39,534.75
2018/11/28,1.65,53.38,491.5
2018/11/29,1.54,55.6,524.49
2018/11/30,1.6,56.41,531.99
2018/12/1,0.67,31.71,284.52
2018/12/2,0.55,27.14,247.52
2018/12/3,2.05,74.72,655.01
2018/12/4,1.78,63.77,585.58
2018/12/5,0.8,37.3,262.19
2018/12/6,1.48,59.0,543.12
2018/12/7,1.51,50.19,466.02
2018/12/8,0.46,23.57,216.27
2018/12/9,0.62,30.18,220.95
2018/12/10,2.29,63.54,582.55
2018/12/11,1.41,53.53,495.94
2018/12/12,1.42,56.2,518.64
2018/12/13,1.52,54.41,517.63
2018/12/14,1.67,69.38,624.54
2018/12/15,0.55,27.17,247.96
2018/12/16,0.49,23.91,218.9
2018/12/17,2.0,68.2,604.87
2018/12/18,1.93,64.44,585.91
2018/12/19,1.61,62.44,571.41
2018/12/20,2.01,66.25,596.41
2018/12/21,1.71,55.97,511.17
2018/12/22,0.52,24.31,220.18
2018/12/23,0.5,23.0,209.95
2018/12/24,1.84,58.71,525.66
2018/12/25,2.21,71.11,643.39
2018/12/26,1.89,66.33,604.78
2018/12/27,1.99,61.91,554.11
2018/12/28,2.11,71.66,655.67
2018/12/29,1.4,60.7,524.78
2018/12/30,0.63,27.76,249.62
2018/12/31,0.73,26.12,236.34
2019/1/1,0.64,26.45,235.91
2019/1/2,3.82,96.43,816.14
2019/1/3,2.3,81.41,732.91
2019/1/4,1.86,64.97,578.04
2019/1/5,0.65,32.23,236.16
2019/1/6,0.64,27.92,248.98
2019/1/7,0.76,37.66,274.03
2019/1/8,2.12,65.76,593.88
2019/1/9,1.98,68.55,614.72
2019/1/10,2.15,70.66,623.96
2019/1/11,1.81,56.47,511.13
2019/1/12,0.59,26.73,241.36
2019/1/13,0.57,23.55,214.7
2019/1/14,2.21,62.01,544.63
2019/1/15,2.07,71.48,639.46
2019/1/16,2.13,69.86,625.27
2019/1/17,1.95,60.4,546.07
2019/1/18,2.13,62.94,582.88
2019/1/19,1.0,26.29,239.92
2019/1/20,0.6,24.97,230.79
2019/1/21,2.49,77.01,693.63
2019/1/22,2.32,65.69,598.57
2019/1/23,2.41,73.83,641.07
2019/1/24,2.13,62.57,574.84
2019/1/25,2.31,72.14,648.2
2019/1/26,0.64,29.18,263.84
2019/1/27,0.71,26.34,242.97
2019/1/28,2.72,72.22,646.26
2019/1/29,2.4,70.38,635.77
2019/1/30,2.83,74.74,676.67
2019/1/31,2.53,79.59,711.94
2019/2/1,3.18,123.07,1028.44
2019/2/2,1.25,54.95,491.37
2019/2/3,1.75,40.67,369.07
2019/2/4,0.51,17.43,161.1
2019/2/5,0.36,12.35,111.84
2019/2/6,0.38,12.72,116.28
2019/2/7,0.41,13.77,126.07
2019/2/8,0.49,16.74,152.98
2019/2/9,1.12,18.41,166.72
2019/2/10,0.76,25.79,231.67
2019/2/11,4.77,113.26,982.29
2019/2/12,0.74,37.58,279.12
2019/2/13,3.45,97.96,846.48
2019/2/14,2.97,83.78,755.71
2019/2/15,2.92,86.8,775.24
2019/2/16,0.65,35.75,316.41
2019/2/17,0.62,31.25,278.51
2019/2/18,3.37,93.25,829.14
2019/2/19,2.62,81.39,744.95
2019/2/20,2.48,101.34,874.81
2019/2/21,0.73,37.53,274.55
2019/2/22,2.36,70.85,636.45
2019/2/23,0.79,32.89,295.97
2019/2/24,0.82,29.67,270.77
2019/2/25,3.54,90.08,800.95
2019/2/26,2.72,88.54,794.75
2019/2/27,2.86,94.31,822.06
2019/2/28,2.62,79.66,701.98
2019/3/1,3.12,100.52,870.68
2019/3/2,0.88,38.12,339.57
2019/3/3,0.81,33.36,299.64
2019/3/4,3.26,89.46,789.02
2019/3/5,3.14,95.84,860.59
2019/3/6,2.56,95.24,834.69
2019/3/7,2.85,79.36,702.62
2019/3/8,2.31,73.22,663.96
2019/3/9,0.76,31.34,286.13
2019/3/10,0.83,32.64,297.41
2019/3/11,3.04,81.35,719.21
2019/3/12,2.83,84.85,757.57
2019/3/13,0.72,36.08,256.52
2019/3/14,2.31,69.21,623.19
2019/3/15,2.53,73.78,664.76
2019/3/16,0.71,30.66,277.94
2019/3/17,0.71,28.92,262.72
2019/3/18,3.44,87.61,781.59
2019/3/19,2.74,82.2,742.25
2019/3/20,2.72,83.18,731.26
2019/3/21,2.8,71.31,651.41
2019/3/22,2.44,67.79,597.2
2019/3/23,0.61,29.33,209.74
2019/3/24,0.73,30.19,274.49
2019/3/25,3.17,77.57,690.5
2019/3/26,2.59,71.85,662.42
2019/3/27,0.72,35.91,255.5
2019/3/28,2.62,69.1,644.08
2019/3/29,2.74,71.96,667.16
2019/3/30,0.98,37.46,345.58
2019/3/31,1.0,34.44,322.64
2019/4/1,4.21,98.58,874.0
2019/4/2,3.25,89.62,803.53
2019/4/3,2.91,89.64,792.25
2019/4/4,2.6,76.72,702.62
2019/4/5,0.57,24.29,225.82
2019/4/6,0.83,20.68,195.92
2019/4/7,0.85,25.89,243.95
2019/4/8,3.63,88.21,799.01
2019/4/9,2.89,79.02,730.51
2019/4/10,2.75,85.61,764.81
2019/4/11,2.4,70.63,656.05
2019/4/12,2.41,69.97,641.83
2019/4/13,0.7,27.72,261.34
2019/4/14,0.72,27.03,255.81
2019/4/15,3.64,89.4,808.49
2019/4/16,2.49,75.31,690.61
2019/4/17,2.51,81.84,720.32
2019/4/18,2.22,68.52,643.5
2019/4/19,2.21,66.36,622.54
2019/4/20,0.68,27.81,263.88
2019/4/21,0.7,25.95,246.71
2019/4/22,3.06,76.87,714.69
2019/4/23,2.59,71.17,653.05
2019/4/24,2.16,64.4,601.65
2019/4/25,2.68,66.14,623.55
2019/4/26,2.63,68.56,634.68
2019/4/27,0.78,27.81,266.25
2019/4/28,1.36,45.81,435.75
2019/4/29,3.63,80.37,747.09
2019/4/30,2.67,85.08,764.29
2019/5/1,0.64,26.57,248.05
2019/5/2,0.58,20.19,192.35
2019/5/3,0.59,21.35,203.18
2019/5/4,0.8,27.69,259.64
2019/5/5,2.74,66.34,619.57
2019/5/6,4.61,99.76,888.92
2019/5/7,3.05,87.41,795.24
2019/5/8,2.61,81.18,731.03
2019/5/9,2.38,64.6,583.1
2019/5/10,2.69,72.2,667.64
2019/5/11,0.86,29.74,287.94
2019/5/12,0.88,26.44,261.56
2019/5/13,3.02,77.77,727.14
2019/5/14,2.59,76.57,731.51
2019/5/15,3.01,89.98,840.47
2019/5/16,2.62,80.13,731.15
2019/5/17,2.68,71.64,681.94
2019/5/18,0.83,31.1,311.96
2019/5/19,0.65,32.39,247.07
2019/5/20,3.4,87.76,849.54
2019/5/21,2.51,77.58,727.03
2019/5/22,2.4,74.52,714.75
2019/5/23,2.39,63.43,633.23
2019/5/24,2.41,65.97,637.46
2019/5/25,0.81,29.7,303.52
2019/5/26,0.82,26.83,278.77
2019/5/27,3.26,75.17,729.18
2019/5/28,2.65,69.87,693.68
2019/5/29,2.39,69.68,671.52
2019/5/30,2.31,57.84,580.54
2019/5/31,2.46,69.01,686.76
2019/6/1,0.98,32.88,334.16
2019/6/2,0.9,29.43,300.99
2019/6/3,3.77,81.07,791.61
2019/6/4,3.15,75.75,753.41
2019/6/5,3.05,80.56,768.49
2019/6/6,2.49,69.08,685.68
2019/6/7,0.64,24.02,248.98
2019/6/8,0.85,22.67,236.67
2019/6/9,0.85,26.32,280.45
2019/6/10,3.62,84.37,817.74
2019/6/11,2.78,75.79,745.4
2019/6/12,2.68,75.54,728.14
2019/6/13,2.47,67.31,661.12
2019/6/14,2.58,69.38,685.83
2019/6/15,0.84,30.0,307.59
2019/6/16,0.81,26.27,274.5
2019/6/17,3.29,77.13,742.03
2019/6/18,2.52,68.95,685.0
2019/6/19,2.68,72.35,695.04
2019/6/20,2.51,70.05,684.33
2019/6/21,2.42,64.62,632.37
2019/6/22,0.81,27.51,281.02
2019/6/23,0.78,25.21,266.62
2019/6/24,2.96,69.86,696.76
2019/6/25,2.8,74.32,728.58
2019/6/26,2.69,76.04,743.91
2019/6/27,2.99,66.82,668.43
2019/6/28,4.16,76.34,780.47
2019/6/29,1.07,35.69,373.3
2019/6/30,1.25,33.4,360.71
2019/7/1,5.29,95.07,908.75
2019/7/2,3.03,79.6,784.44
2019/7/3,3.52,84.36,801.12
2019/7/4,2.97,69.44,693.14
2019/7/5,3.34,76.36,759.16
2019/7/6,0.84,29.8,304.53
2019/7/7,1.07,29.28,304.09
2019/7/8,4.01,80.96,802.98
2019/7/9,2.94,79.37,782.95
2019/7/10,2.88,83.6,799.8
2019/7/11,2.67,69.1,684.95
2019/7/12,2.67,68.21,627.03
2019/7/13,0.76,26.97,246.02
2019/7/14,0.87,26.88,244.76
2019/7/15,3.66,83.57,733.22
2019/7/16,2.94,78.4,704.77
2019/7/17,2.91,79.66,692.08
2019/7/18,2.54,67.27,622.97
2019/7/19,2.47,68.43,631.91
2019/7/20,0.77,28.56,257.12
2019/7/21,0.85,27.98,251.98
2019/7/22,3.16,74.71,685.81
2019/7/23,2.8,75.07,651.36
2019/7/24,2.73,74.72,672.89
2019/7/25,2.58,65.38,606.46
2019/7/26,2.86,65.92,604.58
2019/7/27,1.0,27.88,252.08
2019/7/28,1.05,27.31,245.15
2019/7/29,3.23,74.13,655.46
2019/7/30,2.73,72.1,639.75
2019/7/31,2.69,76.96,700.88
2019/8/1,3.56,90.59,810.81
2019/8/2,3.13,78.6,730.27
2019/8/3,0.95,30.82,278.48
2019/8/4,0.54,29.45,215.02
2019/8/5,4.06,82.34,745.87
2019/8/6,3.12,77.63,704.62
2019/8/7,2.87,77.45,679.04
2019/8/8,2.34,65.46,601.18
2019/8/9,2.74,70.94,631.68
2019/8/10,0.78,29.48,266.29
2019/8/11,0.86,25.92,233.24
2019/8/12,3.19,73.27,651.2
2019/8/13,3.16,79.09,723.85
2019/8/14,2.78,81.79,742.89
2019/8/15,2.93,83.17,770.62
2019/8/16,2.83,82.64,718.04
2019/8/17,0.79,31.27,283.28
2019/8/18,0.94,31.29,280.67
2019/8/19,4.18,91.7,819.19
2019/8/20,3.46,93.47,833.74
2019/8/21,3.08,86.39,779.0
2019/8/22,2.9,72.11,668.34
2019/8/23,3.03,77.42,716.19
2019/8/24,0.89,32.42,290.49
2019/8/25,0.92,30.01,269.66
2019/8/26,4.25,81.77,723.41
2019/8/27,3.44,82.48,748.41
2019/8/28,3.35,83.95,730.54
2019/8/29,2.2,69.66,645.79
2019/8/30,2.09,69.5,644.37
2019/8/31,0.85,33.9,305.38
2019/9/1,0.79,33.41,300.91
2019/9/2,2.61,87.69,804.29
2019/9/3,2.52,91.89,839.6
2019/9/4,2.27,85.6,777.68
2019/9/5,2.48,83.09,769.56
2019/9/6,2.22,79.22,695.38
2019/9/7,0.88,32.26,292.95
2019/9/8,0.77,29.43,270.31
2019/9/9,2.33,84.24,743.37
2019/9/10,2.5,95.09,828.31
2019/9/11,2.14,88.88,788.74
2019/9/12,2.08,82.8,765.41
2019/9/13,0.63,28.05,256.45
2019/9/14,0.65,27.16,247.64
2019/9/15,0.69,31.06,283.58
2019/9/16,2.91,101.76,911.98
2019/9/17,2.81,95.73,882.33
2019/9/18,2.49,91.28,808.64
2019/9/19,0.83,38.39,282.43
2019/9/20,2.21,85.63,788.99
2019/9/21,1.0,36.39,329.03
2019/9/22,0.73,31.72,288.51
2019/9/23,2.67,89.73,812.49
2019/9/24,0.78,38.53,281.13
2019/9/25,2.22,82.68,774.96
2019/9/26,2.17,73.19,679.16
2019/9/27,2.26,79.93,725.53
2019/9/28,0.84,37.48,340.64
2019/9/29,1.9,59.96,546.1
2019/9/30,2.64,98.65,897.89
2019/10/1,0.67,28.96,260.96
2019/10/2,0.59,26.69,195.32
2019/10/3,0.59,24.57,223.59
2019/10/4,0.68,25.43,230.87
2019/10/5,0.77,25.47,231.92
2019/10/6,0.63,26.8,243.13
2019/10/7,0.79,34.24,311.49
2019/10/8,4.29,125.69,1136.5
2019/10/9,3.53,136.9,1210.96
2019/10/10,0.82,39.89,296.02
2019/10/11,2.27,88.45,824.21
2019/10/12,1.67,55.41,497.45
2019/10/13,0.82,32.78,297.28
2019/10/14,2.43,96.11,857.21
2019/10/15,2.39,98.9,897.97
2019/10/16,2.22,95.45,846.57
2019/10/17,2.06,80.9,734.64
2019/10/18,1.98,79.4,742.4
2019/10/19,0.77,33.29,301.48
2019/10/20,0.98,32.55,294.41
2019/10/21,2.08,91.91,824.11
2019/10/22,2.13,82.44,742.24
2019/10/23,2.12,82.45,743.97
2019/10/24,1.9,75.62,698.73
2019/10/25,2.19,72.85,689.19
2019/10/26,0.89,31.44,294.63
2019/10/27,0.7,30.81,229.45
2019/10/28,2.06,78.68,749.09
2019/10/29,2.11,72.24,692.75
2019/10/30,1.81,70.65,676.96
2019/10/31,1.81,74.27,696.35
2019/11/1,2.15,79.49,750.94
2019/11/2,0.86,30.97,291.34
2019/11/3,0.68,27.99,263.17
2019/11/4,2.23,86.02,776.67
2019/11/5,1.93,79.39,757.84
2019/11/6,1.98,76.26,741.2
2019/11/7,2.18,75.33,678.18
2019/11/8,1.89,75.96,675.33
2019/11/9,0.68,28.58,274.13
2019/11/10,0.74,26.32,253.47
2019/11/11,1.85,73.99,693.83
2019/11/12,1.98,73.33,717.71
2019/11/13,1.76,69.6,668.65
2019/11/14,1.75,65.12,637.59
2019/11/15,1.98,74.08,713.65
2019/11/16,0.78,28.03,264.18
2019/11/17,0.61,25.81,244.0
2019/11/18,2.01,82.0,724.56
2019/11/19,1.75,72.74,698.16
2019/11/20,0.73,40.53,301.03
2019/11/21,2.04,68.89,663.46
2019/11/22,2.09,65.15,610.33
2019/11/23,0.72,27.07,257.84
2019/11/24,0.65,25.01,238.34
2019/11/25,2.17,77.2,713.3
2019/11/26,2.07,73.45,711.61
2019/11/27,2.25,68.64,637.78
2019/11/28,2.14,67.93,654.5
2019/11/29,2.04,68.21,653.75
2019/11/30,0.87,31.87,301.24
2019/12/1,0.68,30.16,285.75
2019/12/2,0.89,38.52,288.15
2019/12/3,2.13,80.09,768.94
2019/12/4,1.87,76.71,710.87
2019/12/5,1.86,72.26,677.44
2019/12/6,2.25,75.06,664.98
2019/12/7,0.79,26.9,257.76
2019/12/8,0.66,25.73,247.01
2019/12/9,1.83,75.65,705.87
2019/12/10,2.04,85.79,780.38
2019/12/11,2.11,75.75,718.98
2019/12/12,0.89,36.27,270.1
2019/12/13,1.83,70.01,676.83
2019/12/14,0.67,30.91,294.44
2019/12/15,0.69,29.48,282.49
2019/12/16,2.27,95.28,873.23
2019/12/17,2.17,91.48,848.02
2019/12/18,2.3,86.22,800.24
2019/12/19,2.38,75.86,721.32
2019/12/20,2.2,83.89,806.72
2019/12/21,0.7,32.49,310.87
2019/12/22,0.91,27.19,260.81
2019/12/23,2.19,88.77,844.71
2019/12/24,2.15,86.5,806.08
2019/12/25,2.38,78.92,757.59
2019/12/26,2.01,72.8,707.38
2019/12/27,2.2,76.56,739.44
2019/12/28,0.76,32.79,246.82
2019/12/29,0.84,28.55,273.64
2019/12/30,3.04,88.38,889.53
2019/12/31,3.3,91.57,874.35
2020/1/1,0.99,47.55,440.96
2020/1/2,3.17,101.1,941.93
2020/1/3,2.5,91.38,874.75
2020/1/4,1.03,37.92,357.86
2020/1/5,0.9,34.74,328.8
2020/1/6,2.83,102.5,950.0
2020/1/7,2.35,95.21,881.94
2020/1/8,2.52,85.03,792.6
2020/1/9,2.33,83.6,804.56
2020/1/10,0.92,40.86,308.27
2020/1/11,0.8,33.59,320.42
2020/1/12,0.72,28.58,273.04
2020/1/13,3.28,93.71,871.24
2020/1/14,2.59,88.64,841.62
2020/1/15,3.01,96.63,904.24
2020/1/16,2.83,88.19,850.97
2020/1/17,1.03,49.85,387.25
2020/1/18,1.02,38.38,361.54
2020/1/19,1.63,56.13,536.68
2020/1/20,3.27,112.38,1082.26
2020/1/21,3.06,106.0,1009.6
2020/1/22,2.68,102.75,972.16
2020/1/23,2.36,96.14,908.29
2020/1/24,0.64,24.88,239.98
2020/1/25,0.44,14.6,143.83
2020/1/26,0.54,18.28,124.33
2020/1/27,0.55,17.99,175.7
2020/1/28,0.56,19.17,185.92
2020/1/29,0.56,20.41,196.76
2020/1/30,0.66,23.96,230.92
2020/1/31,0.73,32.05,301.32
2020/2/1,0.55,19.7,136.54
2020/2/2,0.88,33.29,320.41
2020/2/3,2.86,108.94,1003.37
2020/2/4,2.64,104.71,952.43
2020/2/5,1.99,75.47,725.24
2020/2/6,1.8,63.48,624.83
2020/2/7,1.91,65.03,632.05
2020/2/8,0.71,28.52,274.31
2020/2/9,0.68,26.71,256.56
2020/2/10,2.42,82.5,748.78
2020/2/11,1.97,71.65,694.23
2020/2/12,2.16,75.58,692.4
2020/2/13,1.93,70.38,683.65
2020/2/14,2.44,78.09,750.48
2020/2/15,0.84,33.73,323.18
2020/2/16,0.74,27.54,260.74
2020/2/17,2.64,81.18,775.85
2020/2/18,2.29,82.44,811.24
2020/2/19,2.41,83.11,785.82
2020/2/20,2.9,79.07,761.48
2020/2/21,2.23,76.98,740.9
2020/2/22,0.91,33.22,318.79
2020/2/23,0.76,28.01,270.07
2020/2/24,2.71,96.76,932.92
2020/2/25,2.86,101.05,977.17
2020/2/26,2.78,97.0,939.66
2020/2/27,2.61,89.42,830.04
2020/2/28,3.02,90.88,876.11
2020/2/29,0.94,36.02,343.85
2020/3/1,0.59,23.9,172.86
2020/3/2,3.14,96.09,924.49
2020/3/3,3.03,104.0,951.89
2020/3/4,2.61,84.75,813.74
2020/3/5,2.46,84.74,808.31
2020/3/6,2.5,82.97,794.23
2020/3/7,0.96,35.18,332.74
2020/3/8,0.87,30.82,292.68
